category,name,price,meal__info,meal__choose,attribute,sidedishes_list,dropdown,dropdown2
Beliebte Gerichte,Wunsch-Pizza,"22,50 CHF",mit 6 Zutaten nach Wahl,"Wahl aus: mit Ananas, mit Artischocken, mit Auberginen, grilliert, mit Basilikum, mit Broccoli und mehr.",,[],"mit Ananas, mit Artischocken, mit Auberginen, grilliert, mit Basilikum, mit Broccoli, mit Champignons, mit Cherrytomaten, mit Ei, mit Gemüse, mit Gorgonzola, mit Kalbfleisch, mit Kapern, mit Knoblauch, mit Mascarpone, mit Meeresfrüchten, mit Oliven, mit Parmesan, mit Peperoncini, mit Peperoni, mit Pestosauce, mit Pouletgeschnetzeltem, mariniert, mit Rohschinken, mit Rucola, mit Salami, mit Salami, scharf, mit Sardellen, mit Schafskäse, mit Schinken, mit Speck, mit Spinat, mit Steinpilzen, mit Thunfisch, mit Tomaten, mit Vorderschinken, mit Zucchetti, mit Zwiebeln",
Beliebte Gerichte,Pizza Prosciutto Funghi,"18,00 CHF",mit Hinterschinken und Champignons,,,[],,
Beliebte Gerichte,Tiramisu,"7,50 CHF",mit Hinterschinken und Champignons,,,[],,
Mittagsmeü,Mittagsmenü Pizza,"25,00 CHF","• 1 Pizza (Ø 32cm) nach Wahl
• 1 Getränk 0,45l nach Wahl
• 1 grüner Salat mit einem Dressing nach Wahl","Wahl aus: Calzone Kebab, Calzone Spezial, Pizza Bauer, Pizza Bella, Pizza Bolzano, Pizza Buttafucco (scharf) und mehr.",,"[{'Calzone Kebab\nCalzone Spezial\nPizza Bauer\nPizza Bella\nPizza Bolzano\nPizza Buttafucco (scharf)\nPizza Calabrese (scharf)\nPizza Calzone\nPizza Campagnola\nPizza Capricciosa\nPizza Crudo Gorgonzola\nPizza Crudo Porcini\nPizza Fantastica (scharf)\nPizza Farmer\nPizza Fiorentina\nPizza Frutti di Mare\nPizza Funghi\nPizza Funghi Porcini\nPizza Gamberetti\nPizza Gorgonzola\nPizza Hawaii\nPizza Hirten\nPizza Italia\nPizza Kebab\nPizza Madras\nPizza Mafiose\nPizza Mamma Mia\nPizza Margherita\nPizza Napoletana\nPizza Oase\nPizza Padrone (scharf)\nPizza Paganese (scharf)\nPizza Prosciutto\nPizza Prosciutto Funghi\nPizza Quattro Stagioni\nPizza Raclette\nPizza Romagna Hauspizza\nPizza Rucola\nPizza Salami\nPizza Siciliana\nPizza Spinaci\nPizza Tirolese (scharf)\nPizza Tonno\nPizza Vegetariana (vegetarisch)\nPizza Vitellone\nPizza Züri (scharf)\nQuattro Formaggi\nohne Pizza '}, {' '}, {'Coca Cola 0,33l\nCoca Cola zero 0,33l\nEistee 0,33l\nFanta 0,33l\nohne Getränk\nCoca Cola 0,33l\nEnthält Koffein (10,0 mg/100 ml), 0,45l '}, {'Coca Cola 0,33l\nEnthält Koffein (10,0 mg/100 ml), 0,45l '}]","Calzone Kebab, Calzone Spezial, Pizza Bauer, Pizza Bella, Pizza Bolzano, Pizza Buttafucco (scharf), Pizza Calabrese (scharf), Pizza Calzone, Pizza Campagnola, Pizza Capricciosa, Pizza Crudo Gorgonzola, Pizza Crudo Porcini, Pizza Fantastica (scharf), Pizza Farmer, Pizza Fiorentina, Pizza Frutti di Mare, Pizza Funghi, Pizza Funghi Porcini, Pizza Gamberetti, Pizza Gorgonzola, Pizza Hawaii, Pizza Hirten, Pizza Italia, Pizza Kebab, Pizza Madras, Pizza Mafiose, Pizza Mamma Mia, Pizza Margherita, Pizza Napoletana, Pizza Oase, Pizza Padrone (scharf), Pizza Paganese (scharf), Pizza Prosciutto, Pizza Prosciutto Funghi, Pizza Quattro Stagioni, Pizza Raclette, Pizza Romagna Hauspizza, Pizza Rucola, Pizza Salami, Pizza Siciliana, Pizza Spinaci, Pizza Tirolese (scharf), Pizza Tonno, Pizza Vegetariana (vegetarisch), Pizza Vitellone, Pizza Züri (scharf), Quattro Formaggi, ohne Pizza",
Mittagsmeü,Mittagsmenü Pasta,"25,00 CHF","• 1 Pastagericht und Nudelsorte nach Wahl
• 1 Getränk 0,45l nach Wahl
• 1 grüner Salat mit einem Dressing nach Wahl","Wahl aus: Lasagne Verdi, Pasta Aglio (scharf), Pasta al Tonno, Pasta alla Panna, Pasta Arche Noah und mehr.",,"[{'Coca Cola 0,33l\nCoca Cola zero 0,33l\nEistee 0,33l\nFanta 0,33l\nohne Getränk\nCoca Cola 0,33l\nEnthält Koffein (10,0 mg/100 ml), 0,45l '}, {'Coca Cola 0,33l\nEnthält Koffein (10,0 mg/100 ml), 0,45l '}]","Lasagne Verdi, Pasta Aglio (scharf), Pasta al Tonno, Pasta alla Panna, Pasta Arche Noah, Pasta Arrabiata, Pasta Bolognese, Pasta Carbonara, Pasta con Pollo, Pasta Frutti di Mare, Pasta Gorgonzola, Pasta Napoli, Pasta Pesto, Pasta Romagna, Pasta Toscana, Pasta Zucchini, Penne al Forno, Ravioli mit Fleischfüllung, Ravioli mit Ricotta und Spinatfüllung, Tortellini, Tortellini al Forno, ohne Pastagericht",
Spezialmenü,Pizza Menü Ø 32cm,"28,00 CHF","• 1 Pizza (Ø 32cm) nach Wahl
• 1 grünen Salat mit Dressing nach Wahl
• 1 Getränk 0,33l nach Wahl
• 1 Dessert nach Wahl","Wahl aus: Pizza Bauer, Pizza Bella, Pizza Bolzano, Pizza Buttafucco (scharf), Pizza Calabrese (scharf) und mehr.",,"[{'Pizza Bauer\nPizza Bella\nPizza Bolzano\nPizza Buttafucco (scharf)\nPizza Calabrese (scharf)\nPizza Campagnola\nPizza Capricciosa\nPizza Crudo Gorgonzola\nPizza Crudo Porcini\nPizza Fantastica (scharf)\nPizza Farmer\nPizza Fiorentina\nPizza Frutti di Mare\nPizza Funghi\nPizza Funghi Porcini\nPizza Gamberetti\nPizza Gorgonzola\nPizza Hawaii\nPizza Hirten\nPizza Italia\nPizza Kebab\nPizza Madras\nPizza Mafiose\nPizza Mamma Mia\nPizza Margherita\nPizza Napoletana\nPizza Oase\nPizza Padrone (scharf)\nPizza Paganese (scharf)\nPizza Prosciutto\nPizza Prosciutto Funghi\nPizza Quattro Stagioni\nPizza Raclette\nPizza Romagna Hauspizza\nPizza Rucola\nPizza Salami\nPizza Salmone\nPizza Siciliana\nPizza Spinaci\nPizza Tirolese (scharf)\nPizza Tonno\nPizza Vegetariana (vegetarisch)\nPizza Vitellone\nPizza Züri (scharf)\nQuattro Formaggi\nohne Pizza\nPizza Bauer '}, {'Pizza Bauer '}, {'Coca Cola 0,33l\nCoca Cola zero 0,33l\nEistee 0,33l\nFanta 0,33l\nohne Getränk\nCoca Cola 0,33l\nEnthält Koffein (10,0 mg/100 ml), 0,45l '}, {'Coca Cola 0,33l\nEnthält Koffein (10,0 mg/100 ml), 0,45l '}]","Pizza Bauer, Pizza Bella, Pizza Bolzano, Pizza Buttafucco (scharf), Pizza Calabrese (scharf), Pizza Campagnola, Pizza Capricciosa, Pizza Crudo Gorgonzola, Pizza Crudo Porcini, Pizza Fantastica (scharf), Pizza Farmer, Pizza Fiorentina, Pizza Frutti di Mare, Pizza Funghi, Pizza Funghi Porcini, Pizza Gamberetti, Pizza Gorgonzola, Pizza Hawaii, Pizza Hirten, Pizza Italia, Pizza Kebab, Pizza Madras, Pizza Mafiose, Pizza Mamma Mia, Pizza Margherita, Pizza Napoletana, Pizza Oase, Pizza Padrone (scharf), Pizza Paganese (scharf), Pizza Prosciutto, Pizza Prosciutto Funghi, Pizza Quattro Stagioni, Pizza Raclette, Pizza Romagna Hauspizza, Pizza Rucola, Pizza Salami, Pizza Salmone, Pizza Siciliana, Pizza Spinaci, Pizza Tirolese (scharf), Pizza Tonno, Pizza Vegetariana (vegetarisch), Pizza Vitellone, Pizza Züri (scharf), Quattro Formaggi, ohne Pizza",
Spezialmenü,Pizza Menü Ø 45cm,"48,00 CHF","• 1 Pizza (Ø 45cm) nach Wahl
• 1 grünen Salat mit Dressing nach Wahl
• 1 Getränk 0,33l nach Wahl
• 1 Dessert nach Wahl","Wahl aus: Pizza Bauer, Pizza Bella, Pizza Bolzano, Pizza Buttafucco (scharf), Pizza Calabrese (scharf) und mehr.",,[],,
Salate,Grüner Salat,"6,00 CHF","• 1 Pizza (Ø 45cm) nach Wahl
• 1 grünen Salat mit Dressing nach Wahl
• 1 Getränk 0,33l nach Wahl
• 1 Dessert nach Wahl","Wahl aus: mit French-Dressing, mit Italian-Dressing oder ohne Dressing.",,[],"mit French-Dressing, mit Italian-Dressing, ohne Dressing",
Salate,Gemischter Salat,"7,00 CHF","• 1 Pizza (Ø 45cm) nach Wahl
• 1 grünen Salat mit Dressing nach Wahl
• 1 Getränk 0,33l nach Wahl
• 1 Dessert nach Wahl","Wahl aus: mit French-Dressing, mit Italian-Dressing oder ohne Dressing.",,[],"mit French-Dressing, mit Italian-Dressing, ohne Dressing",
Salate,Nüsslisalat,"9,00 CHF",mit Ei und Speck,"Wahl aus: mit French-Dressing, mit Italian-Dressing oder ohne Dressing.",,[],"mit French-Dressing, mit Italian-Dressing, ohne Dressing",
Salate,Tomatensalat Caprese,"10,00 CHF",mit Ei und Speck,"Wahl aus: mit French-Dressing, mit Italian-Dressing oder ohne Dressing.",,[],"mit French-Dressing, mit Italian-Dressing, ohne Dressing",
Salate,Griechischer Salat,"10,00 CHF",mit Ei und Speck,"Wahl aus: mit French-Dressing, mit Italian-Dressing oder ohne Dressing.",,[],"mit French-Dressing, mit Italian-Dressing, ohne Dressing",
Salate,Rucola-Parmesan-Salat,"9,00 CHF",mit Ei und Speck,"Wahl aus: mit French-Dressing, mit Italian-Dressing oder ohne Dressing.",,[],"mit French-Dressing, mit Italian-Dressing, ohne Dressing",
Salate,Romagna Salat,"11,50 CHF","gemischter Salat mit Artischocken, Oliven und Mozzarella","Wahl aus: mit French-Dressing, mit Italian-Dressing oder ohne Dressing.",,[],"mit French-Dressing, mit Italian-Dressing, ohne Dressing",
Salate,Thon Salat,"15,50 CHF","gemischter Salat mit Thon, Oliven, Artischockeb und Mozzarella","Wahl aus: mit French-Dressing, mit Italian-Dressing oder ohne Dressing.",,[],"mit French-Dressing, mit Italian-Dressing, ohne Dressing",
Salate,Fitnessteller,"20,00 CHF",mit Pouletstreifen und Salat,"Wahl aus: mit French-Dressing, mit Italian-Dressing oder ohne Dressing.",,[],"mit French-Dressing, mit Italian-Dressing, ohne Dressing",
"Pizza, Ø 32cm",Pizza Margherita,"14,00 CHF",mit Pouletstreifen und Salat,,,[],,
"Pizza, Ø 32cm",Pizza Prosciutto,"17,50 CHF",mit Hinterschinken,,,[],,
"Pizza, Ø 32cm",Pizza Funghi,"17,50 CHF",mit Champignons,,,[],,
"Pizza, Ø 32cm",Pizza Prosciutto Funghi,"18,00 CHF",mit Hinterschinken und Champignons,,,[],,
"Pizza, Ø 32cm",Pizza Tonno,"19,00 CHF","mit Thunfisch, Zwiebeln und Kapern",,,[],,
"Pizza, Ø 32cm",Pizza Italia,"19,00 CHF","mit Cherrytomaten, Rohschinken, Rucola und Parmesan",,,[],,
"Pizza, Ø 32cm",Pizza Quattro Stagioni,"19,00 CHF","mit Hinterschinken, Oliven, Paprika, Artischocken, Champignons und Kapern",,,[],,
"Pizza, Ø 32cm",Pizza Fiorentina,"18,00 CHF","mit Spinat, Champignons, Ei, Zwiebeln und Knoblauch",,,[],,
"Pizza, Ø 32cm",Pizza Siciliana,"19,00 CHF","mit Hinterschinken, Champignons und Ei",,,[],,
"Pizza, Ø 32cm",Pizza Züri (scharf),"19,00 CHF","mit scharfer Salami, Peperoni, Oliven, Knoblauch und Oregano",,,[],,
"Pizza, Ø 32cm",Pizza Funghi Porcini,"18,00 CHF","mit Steinpilzen, Speck, Cherrytomaten und Zwiebeln",,,[],,
"Pizza, Ø 32cm",Pizza Crudo Gorgonzola,"19,00 CHF",mit Rohschinken und Gorgonzola,,,[],,
"Pizza, Ø 32cm",Pizza Crudo Porcini,"19,00 CHF",mit Steinpilzen und Rohschinken,,,[],,
"Pizza, Ø 32cm",Pizza Gorgonzola,"18,00 CHF",mit Gorgonzola,,,[],,
"Pizza, Ø 32cm",Pizza Capricciosa,"19,00 CHF","mit Hinterschinken, Champignons, Artischocken, Sardellen und Oliven",,,[],,
"Pizza, Ø 32cm",Pizza Hawaii,"18,00 CHF",mit Ananas und Hinterschinken,,,[],,
"Pizza, Ø 32cm",Calzone,"19,00 CHF","mit Hinterschinken, Champignons und Ei",,,[],,
"Pizza, Ø 32cm",Pizza Padrone (scharf),"19,00 CHF","mit Kalbfleisch, Champignons,Zwiebeln, Knoblauch und scharfer Sauce",,,[],,
"Pizza, Ø 32cm",Pizza Salami,"17,50 CHF",mit Salami,,,[],,
"Pizza, Ø 32cm",Pizza Mafiose,"19,00 CHF","mit Hinterschinken, Champignons, Gorgonzola und Peperoni",,,[],,
"Pizza, Ø 32cm",Pizza Vegetariana (vegetarisch),"18,00 CHF","mit gegrillten Auberginen, Peperoni und Zucchetti",,,[],,
"Pizza, Ø 32cm",Pizza Napoletana,"17,50 CHF","mit Oliven, Zwiebeln und Sardellen",,,[],,
"Pizza, Ø 32cm",Pizza Mamma Mia,"19,00 CHF","mit Spinat, Champignons, Zwiebeln, Broccoli und Knoblauch",,,[],,
"Pizza, Ø 32cm",Quattro Formaggi,"18,00 CHF","mit Schafskäse, Gorgonzola und Mascarpone",,,[],,
"Pizza, Ø 32cm",Pizza Spinaci,"18,00 CHF","mit Spinat, frischen Tomaten, Schafskäse und Knoblauch",,,[],,
"Pizza, Ø 32cm",Pizza Tirolese (scharf),"18,50 CHF","mit Speck, scharfer Salami und Zwiebeln",,,[],,
"Pizza, Ø 32cm",Pizza Rucola,"18,50 CHF","mit Cherrytomaten, Parmesan und Rucola",,,[],,
"Pizza, Ø 32cm",Pizza Romagna Hauspizza,"19,00 CHF","mit Hinterschinken, Speck, Salami, Peperoni, Gorgonzola, Ei und Knoblauch",,,[],,
"Pizza, Ø 32cm",Pizza Frutti di Mare,"19,00 CHF",mit Meeresfrüchten und Knoblauch,,,[],,
"Pizza, Ø 32cm",Pizza Gamberetti,"19,00 CHF","mit Crevetten, Basilikum, Knoblauch und Petersilie",,,[],,
"Pizza, Ø 32cm",Pizza Bauer,"19,00 CHF","mit Speck, Zwiebeln und Peperoni",,,[],,
"Pizza, Ø 32cm",Pizza Hirten,"18,00 CHF","mit Peperoncini, Zwiebeln, Petersilie, Knoblauchsauce und Pestosauce",,,[],,
"Pizza, Ø 32cm",Pizza Bella,"19,00 CHF","mit Speck, Zwiebeln und Ei",,,[],,
"Pizza, Ø 32cm",Pizza Oase,"20,00 CHF","mit Hinterschinken, Champignons, Peperoncini, Basilikum, Zwiebeln und Knoblauch",,,[],,
"Pizza, Ø 32cm",Pizza Vitellone,"20,00 CHF","mit mariniertem Kalbsgeschnetzeltem, Basilikum und Knoblauch",,,[],,
"Pizza, Ø 32cm",Pizza Calabrese (scharf),"18,00 CHF","mit scharfer Salami, Peperoni, Oliven und Knoblauch",,,[],,
"Pizza, Ø 32cm",Pizza Farmer,"19,00 CHF",mit mariniertem Putenbrustgeschnetzeltem und Basilikum,,,[],,
"Pizza, Ø 32cm",Calzone Kebab,"22,00 CHF",mit Kebabfleisch,,,[],,
"Pizza, Ø 32cm",Calzone Spezial,"22,00 CHF","mit Hinterschinken, Gorgonzola, Spinat, Ei und frischen Champignons",,,[],,
"Pizza, Ø 32cm",Pizza Bolzano,"22,00 CHF","mit Steinpilzen, Mascarpone, Rohschinken und Rucola",,,[],,
"Pizza, Ø 32cm",Pizza Paganese (scharf),"21,00 CHF","mit scharfer Salami, Gorgonzola, Spinat und Hinterschinken",,,[],,
"Pizza, Ø 32cm",Pizza Fantastica (scharf),"19,00 CHF","mit scharfer Salami, Gorgonzola und Hinterschinken",,,[],,
"Pizza, Ø 32cm",Pizza Madras,"19,00 CHF","mit Ananas, Bananen, Pouletbrust und Curry",,,[],,
"Pizza, Ø 32cm",Pizza Raclette,"22,00 CHF","mit Ananas, Bananen, Pouletbrust und Curry",,,[],,
"Pizza, Ø 32cm",Pizza Campagnola,"18,00 CHF","mit Mais, Speck und Zwiebeln",,,[],,
"Pizza, Ø 32cm",Pizza Kebab,"23,00 CHF",mit Kebabfleisch,,,[],,
"Pizza, Ø 32cm",Pizza Buttafucco (scharf),"21,00 CHF","mit Speck, Zwiebeln, scharfer Salami, Hinterschinken und frischen Champignons",,,[],,
"Pizza, Ø 32cm",Wunsch-Pizza,"22,50 CHF",mit 6 Zutaten nach Wahl,"Wahl aus: mit Ananas, mit Artischocken, mit Auberginen, grilliert, mit Basilikum, mit Broccoli und mehr.",,[],"mit Ananas, mit Artischocken, mit Auberginen, grilliert, mit Basilikum, mit Broccoli, mit Champignons, mit Cherrytomaten, mit Ei, mit Gemüse, mit Gorgonzola, mit Kalbfleisch, mit Kapern, mit Knoblauch, mit Mascarpone, mit Meeresfrüchten, mit Oliven, mit Parmesan, mit Peperoncini, mit Peperoni, mit Pestosauce, mit Pouletgeschnetzeltem, mariniert, mit Rohschinken, mit Rucola, mit Salami, mit Salami, scharf, mit Sardellen, mit Schafskäse, mit Schinken, mit Speck, mit Spinat, mit Steinpilzen, mit Thunfisch, mit Tomaten, mit Vorderschinken, mit Zucchetti, mit Zwiebeln",
"Pizza, Ø 45cm",Pizza Margherita,"28,00 CHF",mit 6 Zutaten nach Wahl,,,[],,
"Pizza, Ø 45cm",Pizza Prosciutto,"33,00 CHF",mit Hinterschinken,,,[],,
"Pizza, Ø 45cm",Pizza Funghi,"33,00 CHF",mit Champignons,,,[],,
"Pizza, Ø 45cm",Pizza Prosciutto Funghi,"33,00 CHF",mit Hinterschinken und Champignons,,,[],,
"Pizza, Ø 45cm",Pizza Tonno,"36,00 CHF","mit Thunfisch, Zwiebeln und Kapern",,,[],,
"Pizza, Ø 45cm",Pizza Italia,"36,00 CHF","mit Cherrytomaten, Rohschinken, Rucola und Parmesan",,,[],,
"Pizza, Ø 45cm",Pizza Quattro Stagioni,"36,00 CHF","mit Hinterschinken, Oliven, Paprika, Artischocken, Champignons und Kapern",,,[],,
"Pizza, Ø 45cm",Pizza Fiorentina,"34,00 CHF","mit Spinat, Champignons, Ei, Zwiebeln und Knoblauch",,,[],,
"Pizza, Ø 45cm",Pizza Siciliana,"36,00 CHF","mit Hinterschinken, Champignons und Ei",,,[],,
"Pizza, Ø 45cm",Pizza Züri (scharf),"36,00 CHF","mit scharfer Salami, Peperoni, Oliven, Knoblauch und Oregano",,,[],,
"Pizza, Ø 45cm",Pizza Funghi Porcini,"36,00 CHF","mit Steinpilzen, Speck, Cherrytomaten und Zwiebeln",,,[],,
"Pizza, Ø 45cm",Pizza Crudo Gorgonzola,"36,00 CHF",mit Rohschinken und Gorgonzola,,,[],,
"Pizza, Ø 45cm",Pizza Crudo Porcini,"36,00 CHF",mit Steinpilzen und Rohschinken,,,[],,
"Pizza, Ø 45cm",Pizza Gorgonzola,"35,00 CHF",mit Gorgonzola,,,[],,
"Pizza, Ø 45cm",Pizza Capricciosa,"36,00 CHF","mit Hinterschinken, Champignons, Artischocken, Sardellen und Oliven",,,[],,
"Pizza, Ø 45cm",Pizza Hawaii,"35,00 CHF",mit Ananas und Hinterschinken,,,[],,
"Pizza, Ø 45cm",Pizza Padrone (scharf),"36,00 CHF","mit Kalbfleisch, Champignons,Zwiebeln, Knoblauch und scharfer Sauce",,,[],,
"Pizza, Ø 45cm",Pizza Salami,"34,00 CHF",mit Salami,,,[],,
"Pizza, Ø 45cm",Pizza Mafiose,"36,00 CHF","mit Hinterschinken, Champignons, Gorgonzola und Peperoni",,,[],,
"Pizza, Ø 45cm",Pizza Vegetariana (vegetarisch),"35,00 CHF","mit gegrillten Auberginen, Peperoni und Zucchetti",,,[],,
"Pizza, Ø 45cm",Pizza Napoletana,"34,00 CHF","mit Oliven, Zwiebeln und Sardellen",,,[],,
"Pizza, Ø 45cm",Pizza Mamma Mia,"35,00 CHF","mit Spinat, Champignons, Zwiebeln, Broccoli und Knoblauch",,,[],,
"Pizza, Ø 45cm",Pizza Quattro Formaggi,"35,00 CHF","mit Schafskäse, Gorgonzola und Mascarpone",,,[],,
"Pizza, Ø 45cm",Pizza Spinaci,"35,00 CHF","mit Spinat, frischen Tomaten, Schafskäse und Knoblauch",,,[],,
"Pizza, Ø 45cm",Pizza Tirolese (scharf),"36,00 CHF","mit Speck, scharfer Salami und Zwiebeln",,,[],,
"Pizza, Ø 45cm",Pizza Rucola,"33,00 CHF","mit Cherrytomaten, Parmesan und Rucola",,,[],,
"Pizza, Ø 45cm",Pizza Romagna Hauspizza,"36,00 CHF","mit Hinterschinken, Speck, Salami, Peperoni, Gorgonzola, Ei und Knoblauch",,,[],,
"Pizza, Ø 45cm",Pizza Frutti di Mare,"36,00 CHF",mit Meeresfrüchten und Knoblauch,,,[],,
"Pizza, Ø 45cm",Pizza Gamberetti,"36,00 CHF","mit Crevetten, Basilikum, Knoblauch und Petersilie",,,[],,
"Pizza, Ø 45cm",Pizza Bauer,"36,00 CHF","mit Speck, Zwiebeln und Peperoni",,,[],,
"Pizza, Ø 45cm",Pizza Hirten,"35,00 CHF","mit Peperoncini, Zwiebeln, Petersilie, Knoblauchsauce und Pestosauce",,,[],,
"Pizza, Ø 45cm",Pizza Bella,"36,00 CHF","mit Speck, Zwiebeln und Ei",,,[],,
"Pizza, Ø 45cm",Pizza Oase,"36,00 CHF","mit Hinterschinken, Champignons, Peperoncini, Basilikum, Zwiebeln und Knoblauch",,,[],,
"Pizza, Ø 45cm",Pizza Vitellone,"36,00 CHF","mit mariniertem Kalbsgeschnetzeltem, Basilikum und Knoblauch",,,[],,
"Pizza, Ø 45cm",Pizza Calabrese (scharf),"35,00 CHF","mit scharfer Salami, Peperoni, Oliven und Knoblauch",,,[],,
"Pizza, Ø 45cm",Pizza Farmer,"36,00 CHF",mit mariniertem Putenbrustgeschnetzeltem und Basilikum,,,[],,
"Pizza, Ø 45cm",Pizza Bolzano,"35,00 CHF","mit Steinpilzen, Mascarpone, Rohschinken und Rucola",,,[],,
"Pizza, Ø 45cm",Pizza Paganese (scharf),"35,00 CHF","mit scharfer Salami, Gorgonzola, Spinat und Hinterschinken",,,[],,
"Pizza, Ø 45cm",Pizza Fantastica (scharf),"35,00 CHF","mit scharfer Salami, Gorgonzola und Hinterschinken",,,[],,
"Pizza, Ø 45cm",Pizza Madras,"36,00 CHF","mit Ananas, Bananen, Pouletbrust und Curry",,,[],,
"Pizza, Ø 45cm",Pizza Raclette,"36,00 CHF","mit Ananas, Bananen, Pouletbrust und Curry",,,[],,
"Pizza, Ø 45cm",Pizza Campagnola,"35,00 CHF","mit Mais, Speck und Zwiebeln",,,[],,
"Pizza, Ø 45cm",Pizza Kebab,"37,00 CHF",mit Kebabfleisch,,,[],,
"Pizza, Ø 45cm",Pizza Buttafucco (scharf),"35,00 CHF","mit Speck, Zwiebeln, scharfer Salami, Hinterschinken und frischen Champignons",,,[],,
"Pizza, Ø 45cm",Wunsch-Pizza,"43,00 CHF",mit 6 Zutaten nach Wahl,"Wahl aus: mit Ananas, mit Artischocken, mit Auberginen, grilliert, mit Basilikum, mit Broccoli und mehr.",,[],"mit Ananas, mit Artischocken, mit Auberginen, grilliert, mit Basilikum, mit Broccoli, mit Champignons, mit Cherrytomaten, mit Ei, mit Gemüse, mit Gorgonzola, mit Kalbfleisch, mit Kapern, mit Knoblauch, mit Mascarpone, mit Meeresfrüchten, mit Oliven, mit Parmesan, mit Peperoncini, mit Peperoni, mit Pestosauce, mit Pouletgeschnetzeltem, mariniert, mit Rohschinken, mit Rucola, mit Salami, mit Salami, scharf, mit Sardellen, mit Schafskäse, mit Schinken, mit Speck, mit Spinat, mit Steinpilzen, mit Thunfisch, mit Tomaten, mit Vorderschinken, mit Zucchetti, mit Zwiebeln",
Pasta,Pasta Napoli,"20,00 CHF",mit hausgemachter Tomatensauce,"Wahl aus: mit Gnocchi, mit Penne oder mit Spaghetti.",,[],"mit Gnocchi, mit Penne, mit Spaghetti",
Pasta,Pasta Carbonara,"21,00 CHF","mit Pizzaschinken, Speck und Rahmsauce","Wahl aus: mit Gnocchi, mit Penne oder mit Spaghetti.",,[],"mit Gnocchi, mit Penne, mit Spaghetti",
Pasta,Pasta Bolognese,"20,00 CHF",mit Hackfleisch und Tomatensauce,"Wahl aus: mit Gnocchi, mit Penne oder mit Spaghetti.",,[],"mit Gnocchi, mit Penne, mit Spaghetti",
Pasta,Pasta Pesto,"20,00 CHF","mit Basilikumsauce, Knoblauch, Pinienkernen und Cherrytomaten","Wahl aus: mit Gnocchi, mit Penne oder mit Spaghetti.",,[],,
Pasta,Pasta Arche Noah,"22,00 CHF","mit gewürfeltem Pouletfleisch, Peperoni, Champignons, Peperoncini, Zwiebeln und Tomatensauce","Wahl aus: mit Gnocchi, mit Penne oder mit Spaghetti.",,[],"mit Gnocchi, mit Penne, mit Spaghetti",
Pasta,Pasta al Tonno,"20,00 CHF","mit Thunfisch, Kapern, Zwiebeln und Tomatensauce","Wahl aus: mit Gnocchi, mit Penne oder mit Spaghetti.",,[],"mit Gnocchi, mit Penne, mit Spaghetti",
Pasta,Pasta Romagna,"22,00 CHF","mit Crevetten, Broccoli und Rahmsauce","Wahl aus: mit Gnocchi, mit Penne oder mit Spaghetti.",,[],"mit Gnocchi, mit Penne, mit Spaghetti",
Pasta,Pasta Frutti di Mare,"22,00 CHF",mit Meeresfrüchten und Tomatensauce,"Wahl aus: mit Gnocchi, mit Penne oder mit Spaghetti.",,[],"mit Gnocchi, mit Penne, mit Spaghetti",
Pasta,Pasta Arrabiata,"20,00 CHF","mit Peperoni, Oliven, Peperoncini und Tomatensauce","Wahl aus: mit Gnocchi, mit Penne oder mit Spaghetti.",,[],"mit Gnocchi, mit Penne, mit Spaghetti",
Pasta,Pasta Toscana,"22,00 CHF","mit Kalbfleisch, Schweinefleisch und Steinpilzen","Wahl aus: mit Gnocchi, mit Penne oder mit Spaghetti.",,[],"mit Gnocchi, mit Penne, mit Spaghetti",
Pasta,Pasta Aglio (scharf),"20,00 CHF","mit Oliven, Peperoncini, Knoblauch und Cherrytomaten","Wahl aus: mit Gnocchi, mit Penne oder mit Spaghetti.",,[],,
Pasta,Pasta Gorgonzola,"20,00 CHF","mit italienischer Gorgonzolasauce, Broccoli, Cherrytomaten und Pinienkernen","Wahl aus: mit Gnocchi, mit Penne oder mit Spaghetti.",,[],"mit Gnocchi, mit Penne, mit Spaghetti",
Pasta,Pasta con Pollo,"20,00 CHF",mit gebratenem Pouletfleisch und Champignons-Rahmsauce,"Wahl aus: mit Gnocchi, mit Penne oder mit Spaghetti.",,[],"mit Gnocchi, mit Penne, mit Spaghetti",
Pasta,Pasta alla Panna,"20,00 CHF",mit Schinken und Rahmsauce,"Wahl aus: mit Gnocchi, mit Penne oder mit Spaghetti.",,[],"mit Gnocchi, mit Penne, mit Spaghetti",
Pasta,Pasta Zucchini,"20,00 CHF","mit Zucchini, Schafskäse, Cherrytomaten, Zwiebeln, Knoblauch und Rahmsauce","Wahl aus: mit Gnocchi, mit Penne oder mit Spaghetti.",,[],"mit Gnocchi, mit Penne, mit Spaghetti",
Pasta,Tortellini,"20,00 CHF",mit Fleischfüllung und einer Sauce nach Wahl,"Wahl aus: mit Arrabiata, mit Bolognese, mit Napoli, mit Pesto oder mit Toscana.",,[],"mit Arrabiata, mit Bolognese, mit Napoli, mit Pesto, mit Toscana",
Pasta,Ravioli mit Ricotta und Spinatfüllung,"20,00 CHF",und einer Sauce nach Wahl,"Wahl aus: mit Arrabiata, mit Bolognese, mit Napoli, mit Pesto oder mit Toscana.",,[],"mit Arrabiata, mit Bolognese, mit Napoli, mit Pesto, mit Toscana",
Pasta,Tortellini al Forno,"22,00 CHF","mit Schinken, Käse und Rahmsauce",,,[],,
Pasta,Penne al Forno,"20,00 CHF","mit Schinken, Zwiebeln, Knoblauch, Käse, Tomaten und Rahmsauce",,,[],,
Pasta,Lasagne Verdi,"20,00 CHF",hausgemacht mit Hackfleisch,,,[],,
Fleischgerichte,Kalbsgeschnetzeltes Zürcher Art,"27,50 CHF","mit Pilzen, Zwiebeln und Rahmsause","Wahl aus: mi Röstikroketten, mit Pommes frites, mit Salat, mit Teigwaren, ohne Beilage und mehr.",,[],"mi Röstikroketten, mit Pommes frites, mit Salat, mit Teigwaren, ohne Beilage",
Fleischgerichte,Pouletgeschnetzeltes,"22,50 CHF",mit Rahm-Pilzsauce,"Wahl aus: mi Röstikroketten, mit Pommes frites, mit Salat, mit Teigwaren, ohne Beilage und mehr.",,[],"mi Röstikroketten, mit Pommes frites, mit Salat, mit Teigwaren, ohne Beilage",
Fleischgerichte,Paniertes Schweinsschnitzel,"22,00 CHF",mit Rahm-Pilzsauce,"Wahl aus: mi Röstikroketten, mit Pommes frites, mit Salat, mit Teigwaren, ohne Beilage und mehr.",,[],"mi Röstikroketten, mit Pommes frites, mit Salat, mit Teigwaren, ohne Beilage",
Fleischgerichte,Paniertes Pouletschnitzel,"22,00 CHF",mit Rahm-Pilzsauce,"Wahl aus: mi Röstikroketten, mit Pommes frites, mit Salat, mit Teigwaren, ohne Beilage und mehr.",,[],"mi Röstikroketten, mit Pommes frites, mit Salat, mit Teigwaren, ohne Beilage",
Fleischgerichte,Schweineschnitzel mit Rahmsauce und Pilzen,"22,50 CHF",mit Rahm-Pilzsauce,"Wahl aus: mi Röstikroketten, mit Pommes frites, mit Salat, mit Teigwaren, ohne Beilage und mehr.",,[],"mi Röstikroketten, mit Pommes frites, mit Salat, mit Teigwaren, ohne Beilage",
Fleischgerichte,Paniertes Kalbsschnitzel,"27,00 CHF",mit Rahm-Pilzsauce,"Wahl aus: mi Röstikroketten, mit Pommes frites, mit Salat, mit Teigwaren, ohne Beilage und mehr.",,[],"mi Röstikroketten, mit Pommes frites, mit Salat, mit Teigwaren, ohne Beilage",
Hausgemachte Cordon Bleu,Cordon Bleu Amerikanisch,"28,00 CHF","gefüllt mit Speck, Zwiebeln und Raclette","Wahl aus: mit Pouletfleisch, mit Schweinefleisch, mit Kalbfleisch, mit Pommes frites, mit Röstikroketten und mehr.",,[],"mit Pouletfleisch, mit Schweinefleisch, mit Kalbfleisch (+2,00 CHF)",
Hausgemachte Cordon Bleu,Cordon Bleu Förster,"28,00 CHF","gefüllt mit Champignons, Speck, Zwiebeln, Raclette und Schinken","Wahl aus: mit Pouletfleisch, mit Schweinefleisch, mit Kalbfleisch, mi Röstikroketten, mit Pommes frites und mehr.",,[],"mit Pouletfleisch, mit Schweinefleisch, mit Kalbfleisch (+7,00 CHF)",
Hausgemachte Cordon Bleu,Cordon Bleu Apenzeller,"28,00 CHF","gefüllt mit Schinken, Knoblauch, Pfeffer, Senf, Gewürzgurken und Appenzellerkäse","Wahl aus: mit Pouletfleisch, mit Schweinefleisch, mit Kalbfleisch, mi Röstikroketten, mit Pommes frites und mehr.",,[],,
Hausgemachte Cordon Bleu,Cordon Bleu Mediterran,"28,00 CHF","gefüllt mit frischen Tomaten, getrockneten Tomaten, Knoblauchzehen, frischem Basilikum und Raclettekäse","Wahl aus: mit Pouletfleisch, mit Schweinefleisch, mit Kalbfleisch, mi Röstikroketten, mit Pommes frites und mehr.",,[],,
Hausgemachte Cordon Bleu,Cordon Bleu Classic,"25,00 CHF",gefüllt mit Schinken und Mozzarella,"Wahl aus: mit Pouletfleisch, mit Schweinefleisch, mit Kalbfleisch, mi Röstikroketten, mit Pommes frites und mehr.",,[],,
Hausgemachte Cordon Bleu,Cordon Bleu Indisch,"27,00 CHF","gefüllt mit Rohschinken, Ananas, Curry und Mozzarella","Wahl aus: mit Pouletfleisch, mit Schweinefleisch, mit Kalbfleisch, mi Röstikroketten, mit Pommes frites und mehr.",,[],"mit Pouletfleisch, mit Schweinefleisch, mit Kalbfleisch (+8,00 CHF)",
Hausgemachte Cordon Bleu,Cordon Bleu a la Mama,"28,00 CHF","gefüllt mit Oliven, scharfler Salami, getrockneten Tomaten und Raclettekäse","Wahl aus: mit Pouletfleisch, mit Schweinefleisch, mit Kalbfleisch, mi Röstikroketten, mit Pommes frites und mehr.",,[],"mit Pouletfleisch, mit Schweinefleisch, mit Kalbfleisch (+7,00 CHF)",
Hausgemachte Cordon Bleu,Cordon Bleu Bombay,"28,00 CHF","gefüllt mit Schinken, Bananen, Mozzarella und Curry","Wahl aus: mit Pouletfleisch, mit Schweinefleisch, mit Kalbfleisch, mi Röstikroketten, mit Pommes frites und mehr.",,[],"mit Pouletfleisch, mit Schweinefleisch, mit Kalbfleisch (+7,00 CHF)",
Hausgemachte Cordon Bleu,Hot Cordon Bleu,"28,00 CHF","gefüllt mit Peperoncini, Schinken und Appenzellerkäse","Wahl aus: mit Pouletfleisch, mit Schweinefleisch, mit Kalbfleisch, mi Röstikroketten, mit Pommes frites und mehr.",,[],"mit Pouletfleisch, mit Schweinefleisch, mit Kalbfleisch (+7,00 CHF)",
Hausgemachte Cordon Bleu,Cordon Bleu Schweden,"28,00 CHF","gefüllt mit Raclettekäse, Pflaumen und Schinken","Wahl aus: mit Pouletfleisch, mit Schweinefleisch, mit Kalbfleisch, mi Röstikroketten, mit Pommes frites und mehr.",,[],"mit Pouletfleisch, mit Schweinefleisch, mit Kalbfleisch (+7,00 CHF)",
Hausgemachte Cordon Bleu,Cordon Bleu Romagna,"28,00 CHF","gefüllt mit Speck, Zwiebeln, Eiern und Raclettekäse","Wahl aus: mit Pouletfleisch, mit Schweinefleisch, mit Kalbfleisch, mi Röstikroketten, mit Pommes frites und mehr.",,[],,
Fischgerichte,Riesencrevetten (10 Stück),"32,00 CHF","mit Tomaten, Knoblauchsauce, frische Tomaten, Olivenöl und einer Beilage nach Wahl","Wahl aus: mi Röstikroketten, mit Pommes frites, mit Salatgarnitur, mit Teigwaren, ohne Beilage und mehr.",,[],"mi Röstikroketten, mit Pommes frites, mit Salatgarnitur, mit Teigwaren, ohne Beilage",
Fischgerichte,Fischknusperli (10 Stück),"24,00 CHF","mit Pangasius, Tartarsauce und einer Beilage nach Wahl","Wahl aus: mi Röstikroketten, mit Pommes frites, mit Salatgarnitur, mit Teigwaren, ohne Beilage und mehr.",,[],"mi Röstikroketten, mit Pommes frites, mit Salatgarnitur, mit Teigwaren, ohne Beilage",
Snacks,Cevapcici (10 Stück),"20,00 CHF",mit einer Beilage und Sauce nach Wahl,"Wahl aus: mit Pommes frites, mit Salat und French-Dressing, mit Salat und Italian-Dressing, ohne Beilage und mehr.",,[],"mit Pommes frites, mit Salat und French-Dressing, mit Salat und Italian-Dressing, ohne Beilage",mit Salat und Italian-Dressing
Snacks,Chicken Nuggets (10 Stück),"20,00 CHF",mit einer Beilage und Sauce nach Wahl,"Wahl aus: mit Pommes frites, mit Salat und French-Dressing, mit Salat und Italian-Dressing, ohne Beilage und mehr.",,[],,
Snacks,Chicken Nuggets (14 Stück),"25,00 CHF",mit einer Beilage und Sauce nach Wahl,"Wahl aus: mit Pommes frites, mit Salat und French-Dressing, mit Salat und Italian-Dressing, ohne Beilage und mehr.",,[],"mit Pommes frites, mit Salat und French-Dressing, mit Salat und Italian-Dressing, ohne Beilage",mit Salat und Italian-Dressing
Snacks,Pouletflügeli (7 Stück),"19,00 CHF",mit einer Beilage und Sauce nach Wahl,"Wahl aus: mit Pommes frites, mit Salat und French-Dressing, mit Salat und Italien-Dressing, ohne Beilage und mehr.",,[],"mit Pommes frites, mit Salat und French-Dressing, mit Salat und Italien-Dressing, ohne Beilage",mit Salat und Italien-Dressing
Snacks,Pommes frites,"7,50 CHF",mit einer Sauce nach Wahl,,,[],,
Dessert,Tiramisu,"7,50 CHF",mit einer Sauce nach Wahl,,,[],,
Dessert,Mousse au Chocolat,"7,50 CHF",mit einer Sauce nach Wahl,,,[],,
Dessert,Iglou Caramel,"7,50 CHF",mit einer Sauce nach Wahl,,,[],,
Ben & Jerry's,Ben & Jerry's Strawberry Cheesecake 100ml,"6,50 CHF",mit einer Sauce nach Wahl,,"65,00 CHF/l0,100l",[],,
Ben & Jerry's,Ben & Jerry's Chocolate Fudge Brownie 100ml,"6,50 CHF",mit einer Sauce nach Wahl,,"65,00 CHF/l0,100l",[],,
Ben & Jerry's,Ben & Jerry's Cookie Dough 100ml,"6,50 CHF",mit einer Sauce nach Wahl,,"65,00 CHF/l0,100l",[],,
Ben & Jerry's,Ben & Jerry's Caramel Chew Chew 100ml,"6,50 CHF",mit einer Sauce nach Wahl,,"65,00 CHF/l0,100l",[],,
Alkoholfreie Getränke,"Coca Cola 0,45l","4,00 CHF",mit einer Sauce nach Wahl,,"Enthält Koffein (10,0 mg/100 ml)",[],,
Alkoholfreie Getränke,"Coca Cola 1,5l","6,00 CHF",mit einer Sauce nach Wahl,,"Enthält Koffein (10,0 mg/100 ml)",[],,
Alkoholfreie Getränke,"Coca Cola zero 0,45l","4,00 CHF",mit einer Sauce nach Wahl,,"Enthält Koffein (10,0 mg/100 ml)",[],,
Alkoholfreie Getränke,"Coca Cola zero 1,5l","6,00 CHF",mit einer Sauce nach Wahl,,"Enthält Koffein (10,0 mg/100 ml)",[],,
Alkoholfreie Getränke,"Fanta 0,45l","4,00 CHF",mit einer Sauce nach Wahl,,"8,89 CHF/l0,450l",[],,
Alkoholfreie Getränke,"Fanta 1,5l","6,00 CHF",mit einer Sauce nach Wahl,,"4,00 CHF/l1,500l",[],,
Alkoholfreie Getränke,"Sprite 0,45l","4,00 CHF",mit einer Sauce nach Wahl,,"8,89 CHF/l0,450l",[],,
Alkoholfreie Getränke,"Sprite 1,5l","6,00 CHF",mit einer Sauce nach Wahl,,"4,00 CHF/l1,500l",[],,
Alkoholfreie Getränke,"Rivella Rot 0,5l","4,00 CHF",mit einer Sauce nach Wahl,,"8,00 CHF/l0,500l",[],,
Alkoholfreie Getränke,"Rivella Rot 1,5l","6,00 CHF",mit einer Sauce nach Wahl,,"4,00 CHF/l1,500l",[],,
Alkoholfreie Getränke,"Eistee 0,5l","4,00 CHF",mit einer Sauce nach Wahl,,"Enthält Koffein (25,0 mg/100 ml)",[],,
Alkoholfreie Getränke,"Eistee 1,5l","6,00 CHF",mit einer Sauce nach Wahl,,"Enthält Koffein (25,0 mg/100 ml)",[],,
Alkoholfreie Getränke,"Mineralwasser ohne Kohlensäure 1,5l","6,00 CHF",mit einer Sauce nach Wahl,,"4,00 CHF/l1,500l",[],,
Alkoholfreie Getränke,"Mineralwasser mit Kohlensäure 1,5l","6,00 CHF",mit einer Sauce nach Wahl,,"4,00 CHF/l1,500l",[],,
Alkoholfreie Getränke,"Red Bull 0,25l","5,00 CHF",mit einer Sauce nach Wahl,,"Enthält Koffein (32,0 mg/100 ml)",[],,
Alkoholische Getränke,"Feldschlösschen 0,5l","5,00 CHF",mit einer Sauce nach Wahl,,"4,7% vol",[],,
Alkoholische Getränke,"Heineken 0,5l","5,00 CHF",mit einer Sauce nach Wahl,,"5,0% vol",[],,
Alkoholische Getränke,"Appenzeller 0,5l","5,00 CHF",mit einer Sauce nach Wahl,,"38,0% vol",[],,
Alkoholische Getränke,"Fechy 0,5l","14,00 CHF",mit einer Sauce nach Wahl,,"38,0% vol",[],,
Alkoholische Getränke,"Chardonnay 0,5l","13,00 CHF",mit einer Sauce nach Wahl,,"9,7% vol",[],,
Alkoholische Getränke,"Pinot Grigio 0,5l","13,00 CHF",mit einer Sauce nach Wahl,,"10,0% vol",[],,
Alkoholische Getränke,"Montepulciano 0,5l","12,00 CHF",mit einer Sauce nach Wahl,,"10,0% vol",[],,
Alkoholische Getränke,"Merlot 0,5l","12,00 CHF",mit einer Sauce nach Wahl,,"10,0% vol",[],,
Alkoholische Getränke,"Rose 0,5l","12,00 CHF",mit einer Sauce nach Wahl,,"9,7% vol",[],,
